search,name,stars,prize,weight,freshness,url
frozen vegetables,"Goya Foods Mixed Vegetables, 14.9 Ounce (Pack of 24)",3.6 out of 5 stars,$7.59 ,15 Ounce (Pack of 24),1,https://m.media-amazon.com/images/I/91vnaAXRqgS._SL1500_.jpg
onions,Yellow Onions (10 lbs.),4.1 out of 5 stars,$16.64 ,10 Pound (Pack of 1),1,https://m.media-amazon.com/images/I/71S0W9uaXjL._SL1500_.jpg
pickled vegetables," Mezzetta Italian Mix, Giardiniera, 16-Ounce (Pack of 3)",4.7 out of 5 stars,$18.07 ,16 Ounce ,1,https://m.media-amazon.com/images/I/61YsCYQTZ4L._SL1000_.jpg
canned vegetables,"La Coste?a Sliced Pickled Carrots, 14.1 Ounce Can (Pack of 12)",4.6 out of 5 stars,$17.55 ,14.1 Ounce (Pack of 12),1,https://m.media-amazon.com/images/I/71bPBvRHeCL._SL1500_.jpg
frozen potato products,"WonderSlim Instant Mashed Potatoes, Garlic - Low Fat, 11g Protein, 3g Fiber (7ct)",3.9 out of 5 stars,$19.99 ,7.6 Ounce (Pack of 1),0,https://m.media-amazon.com/images/I/61kw3Ocf65S._SL1200_.jpg
root vegetables,"Root Foods Vegetable Chips Variety Veggie Snack Pack Tomato, Bell Pepper, Taro, Onion, SixMix, Non-GMO Chip with Sea Salt, Vegan, Gluten Free, Halal, Kosher, up to 2.75oz Bags depending on veggie, 5 Pack",4.2 out of 5 stars,$22.50 ,Variety,1,https://m.media-amazon.com/images/I/71VtHv4XgQL._SL1500_.jpg